Text,Sentiment
Amazing features and seamless performance.,Positive
Shipping took a while but the item arrived.,Neutral
I am unhappy with this purchase.,Negative
"I hate the quality, it's very poor.",Negative
"Average experience, could be better.",Neutral
Worst experience I have ever had.,Negative
Very bad quality and bad packaging.,Negative
One star is too generous for this.,Negative
Absolutely satisfied with the support team.,Positive
The service was awful and not responsive.,Negative
This is just an average product.,Neutral
The app crashes all the time and is useless.,Negative
"The app functions as expected, nothing more.",Neutral
Customer service was excellent and helpful.,Positive
Highly recommend this to anyone.,Positive
I have mixed feelings about this item.,Neutral
Decent service but there is room for improvement.,Neutral
Great quality and fast shipping.,Positive
It's neither good nor bad.,Neutral
The product works perfectly and I'm happy.,Positive
Customer support didn't resolve my issue.,Negative
I absolutely love this product! It exceeded my expectations.,Positive
Fantastic service and wonderful experience.,Positive
The quality is fine but not great.,Neutral
The app is user friendly and easy to navigate.,Positive
Five stars for sure!,Positive
It's okay for the price.,Neutral
"The product is okay, nothing special.",Neutral
This is a waste of money; not recommended.,Negative
"Terrible product, completely disappointing.",Negative
